Region,Soil_Type,Crop,Rainfall_mm,Temperature_Celsius,Fertilizer_Used,Irrigation_Used,Weather_Condition,Days_to_Harvest,Yield_tons_per_hectare
South,Sandy,Rice,441.13115357285005,30.88710699523619,True,True,Sunny,61,5.8295423488104605
North,Silt,Wheat,181.5878606243205,26.752728580811905,True,False,Sunny,127,2.9437164569313867
North,Peaty,Wheat,385.13531445805074,21.656191734884608,False,False,Sunny,73,2.564442460083202
South,Peaty,Cotton,607.1502520374111,15.562163303832799,True,True,Sunny,136,6.52518615986143
North,Peaty,Barley,621.7783877484308,26.84317297586692,True,False,Rainy,77,4.573219247646045
North,Clay,Cotton,416.89863161137146,23.190810033747198,True,True,Sunny,95,4.858924380158361
North,Sandy,Barley,977.2590830506161,17.604099566685584,False,True,Sunny,93,5.778099045403636
South,Clay,Maize,888.2076302639031,39.94550938125255,True,False,Rainy,76,7.173036676685684
North,Loam,Wheat,824.4399398812649,29.847431986455224,False,False,Sunny,100,4.551048007491094
North,Peaty,Cotton,480.3051867874565,35.461985559261684,False,False,Rainy,121,2.9393379280368523
North,Clay,Wheat,615.3492037342064,27.75563189979995,True,False,Rainy,142,4.876587312241911
South,Silt,Maize,259.4181250519924,17.261892464157807,False,False,Sunny,110,2.338540521338672
South,Loam,Wheat,786.7701030524628,23.199371365983666,True,True,Rainy,123,6.9375893499971095
South,Silt,Rice,476.68277886205095,29.34104312112291,True,True,Sunny,67,6.407034488837372
North,Clay,Wheat,356.8231001143165,36.57779720106093,True,False,Cloudy,130,4.007912822234725
North,Loam,Soybean,600.1997541490214,20.935360153951528,True,False,Sunny,75,4.8981807530789006
North,Loam,Rice,180.72037671705868,18.21203323282703,False,False,Rainy,83,0.801898156731799
North,Sandy,Barley,475.78193494832936,22.946253681778643,False,False,Rainy,94,3.60749638077961